,CONGLOME,VIVIENDA,ID,P336,P337,P338,P339,P340,P341,P342,P343,P344,P345_TIEMPO,P345_MESES,P345_DIAS,P346,P347,P348,P349,P350,P351,P352
0,5013,37,9.0,2,,,,,,,,,Meses,4.0,,2.0,,,,,,
1,5013,139,6.0,2,,,,,,,,,Dias,,14.0,2.0,,,,,,
2,5023,40,7.0,2,,,,,,,,,Dias,,2.0,2.0,,,,,,
3,5023,80,6.0,2,,,,,,,,,Meses,1.0,,2.0,,,,,,
4,5029,27,3.0,2,,,,,,,,,Dias,,13.0,2.0,,,,,,
5,5061,68,4.0,2,,,,,,,,,Dias,,26.0,1.0,2.0,1.0,2.0,2.0,2.0,2.0
6,5061,80,3.0,1,1.0,1.0,1.0,1.0,1.0,1.0,1.0,,Meses,2.0,,1.0,2.0,1.0,2.0,2.0,2.0,3.0
7,5074,78,7.0,2,,,,,,,,,N/S,,,2.0,,,,,,
8,5074,78,99.0,2,,,,,,,,,Dias,,5.0,2.0,,,,,,
9,5074,80,99.0,2,,,,,,,,,Dias,,6.0,2.0,,,,,,
10,5074,81,8.0,2,,,,,,,,,Dias,,5.0,1.0,2.0,1.0,2.0,2.0,2.0,2.0
11,5074,157,8.0,2,,,,,,,,,Meses,28.0,,2.0,,,,,,
12,5074,160,6.0,2,,,,,,,,,Nunca,,,,,,,,,
13,5074,160,99.0,2,,,,,,,,,Nunca,,,,,,,,,
14,5107,29,8.0,2,,,,,,,,,Meses,1.0,,2.0,,,,,,
15,5107,35,5.0,1,1.0,1.0,1.0,1.0,1.0,1.0,1.0,,Dias,,22.0,1.0,1.0,1.0,1.0,1.0,1.0,2.0
16,5130,18,5.0,1,1.0,1.0,2.0,1.0,1.0,1.0,1.0,,Dias,,27.0,2.0,,,,,,
17,5132,68,7.0,1,1.0,1.0,1.0,1.0,1.0,1.0,1.0,,Meses,2.0,,2.0,,,,,,
18,5138,77,9.0,2,,,,,,,,,Dias,,10.0,2.0,,,,,,
19,5154,12,6.0,1,1.0,2.0,2.0,2.0,2.0,2.0,1.0,,Dias,,20.0,2.0,,,,,,
20,5155,213,99.0,2,,,,,,,,,N/S,,,2.0,2.0,2.0,2.0,2.0,2.0,2.0
21,5184,21,4.0,2,,,,,,,,,Dias,,15.0,2.0,,,,,,
22,5204,44,6.0,2,,,,,,,,,Meses,1.0,,2.0,,,,,,
23,5224,61,5.0,2,,,,,,,,,N/S,,,2.0,,,,,,
24,5224,138,4.0,2,,,,,,,,,Meses,9.0,,2.0,,,,,,
25,5225,13,6.0,2,,,,,,,,,Dias,,7.0,2.0,,,,,,
26,5230,11,4.0,2,,,,,,,,,Dias,,50.0,2.0,,,,,,
27,5241,106,4.0,2,,,,,,,,,Dias,,47.0,2.0,,,,,,
28,5260,56,6.0,2,,,,,,,,,Dias,,7.0,2.0,,,,,,
29,5283,12,5.0,1,2.0,1.0,1.0,1.0,1.0,1.0,2.0,1.0,Meses,2.0,,2.0,,,,,,
30,5283,90,5.0,1,1.0,1.0,1.0,3.0,1.0,1.0,2.0,3.0,Meses,1.0,,1.0,2.0,2.0,1.0,2.0,2.0,2.0
31,5286,103,5.0,1,1.0,1.0,1.0,2.0,1.0,1.0,1.0,,Dias,,7.0,2.0,,,,,,
32,5298,79,4.0,1,1.0,1.0,1.0,1.0,1.0,1.0,1.0,,Meses,1.0,,1.0,1.0,1.0,1.0,2.0,1.0,2.0
33,5345,4,3.0,2,,,,,,,,,Meses,2.0,,2.0,,,,,,
34,5345,85,4.0,2,,,,,,,,,Dias,,20.0,2.0,,,,,,
35,5351,1,6.0,1,1.0,1.0,1.0,1.0,1.0,1.0,2.0,4.0,Meses,3.0,,2.0,,,,,,
36,5372,54,99.0,2,,,,,,,,,Dias,,1.0,2.0,,,,,,
37,5384,6,7.0,2,,,,,,,,,Meses,24.0,,1.0,1.0,2.0,2.0,1.0,2.0,2.0
38,5392,167,3.0,2,,,,,,,,,Dias,,1.0,2.0,,,,,,
39,5392,167,99.0,2,,,,,,,,,Dias,,17.0,2.0,,,,,,
40,5392,168,99.0,2,,,,,,,,,Dias,,16.0,2.0,,,,,,
41,5408,119,7.0,1,2.0,1.0,1.0,1.0,1.0,1.0,1.0,,Dias,,22.0,2.0,,,,,,
42,5427,29,5.0,2,,,,,,,,,Meses,1.0,,2.0,,,,,,
43,5435,208,4.0,1,2.0,1.0,1.0,1.0,1.0,1.0,1.0,,Dias,,13.0,1.0,2.0,1.0,1.0,2.0,1.0,2.0
44,5451,132,4.0,2,,,,,,,,,Dias,,1.0,2.0,,,,,,
45,5473,68,5.0,2,,,,,,,,,Meses,4.0,,1.0,2.0,2.0,2.0,2.0,2.0,2.0
46,5500,80,4.0,2,,,,,,,,,Meses,12.0,,2.0,,,,,,
47,5555,84,3.0,2,,,,,,,,,Dias,,2.0,2.0,,,,,,
48,5567,61,5.0,2,,,,,,,,,Meses,2.0,,2.0,,,,,,
49,5567,100,5.0,1,1.0,2.0,1.0,2.0,1.0,1.0,1.0,,Dias,,17.0,2.0,,,,,,
50,5567,100,4.0,2,,,,,,,,,Meses,5.0,,2.0,,,,,,
51,5622,43,4.0,1,3.0,1.0,1.0,1.0,1.0,1.0,1.0,,Dias,,1.0,1.0,2.0,1.0,1.0,1.0,1.0,2.0
52,5685,85,3.0,2,,,,,,,,,Meses,2.0,,2.0,,,,,,
53,5686,133,99.0,2,,,,,,,,,Dias,,2.0,1.0,1.0,1.0,1.0,2.0,1.0,2.0
54,5761,92,4.0,1,3.0,1.0,1.0,1.0,1.0,1.0,1.0,,Dias,,1.0,2.0,,,,,,
55,5764,47,7.0,2,,,,,,,,,Meses,3.0,,2.0,,,,,,
56,5764,48,9.0,2,,,,,,,,,Meses,3.0,,2.0,,,,,,
57,5764,48,99.0,2,,,,,,,,,Dias,,11.0,2.0,,,,,,
58,5767,101,7.0,1,12.0,1.0,1.0,1.0,1.0,1.0,1.0,,Meses,1.0,,1.0,1.0,1.0,2.0,1.0,1.0,2.0
59,5785,241,4.0,1,1.0,2.0,2.0,1.0,1.0,1.0,1.0,,Dias,,3.0,2.0,,,,,,
60,5785,244,4.0,2,,,,,,,,,Dias,,35.0,2.0,,,,,,
61,5785,250,6.0,1,1.0,2.0,2.0,1.0,1.0,2.0,1.0,,Dias,,26.0,2.0,,,,,,
62,5792,50,8.0,2,,,,,,,,,Meses,3.0,,2.0,,,,,,
63,5810,129,5.0,1,2.0,1.0,1.0,1.0,1.0,1.0,2.0,2.0,Meses,1.0,,2.0,,,,,,
64,5810,133,99.0,1,3.0,1.0,1.0,1.0,1.0,1.0,2.0,4.0,Meses,1.0,,2.0,,,,,,
65,5849,29,6.0,2,,,,,,,,,Dias,,6.0,2.0,,,,,,
66,5898,81,3.0,2,,,,,,,,,Dias,,51.0,2.0,,,,,,
67,5925,83,9.0,1,1.0,1.0,2.0,1.0,2.0,1.0,1.0,,Meses,14.0,,2.0,,,,,,
68,5933,112,6.0,1,3.0,1.0,1.0,1.0,1.0,1.0,1.0,,Dias,,2.0,1.0,2.0,1.0,2.0,2.0,2.0,1.0
69,5933,113,7.0,1,4.0,1.0,1.0,1.0,1.0,1.0,1.0,,Meses,1.0,,1.0,2.0,1.0,2.0,2.0,1.0,1.0
70,5938,138,5.0,1,3.0,1.0,1.0,1.0,1.0,1.0,1.0,,Dias,,17.0,1.0,1.0,1.0,1.0,2.0,1.0,1.0
71,5952,27,4.0,2,,,,,,,,,Dias,,2.0,2.0,,,,,,
72,5952,28,4.0,1,3.0,1.0,1.0,1.0,1.0,1.0,1.0,,Dias,,1.0,2.0,,,,,,
73,5952,63,5.0,2,,,,,,,,,Dias,,20.0,2.0,,,,,,
74,5978,159,5.0,1,2.0,1.0,1.0,1.0,1.0,1.0,2.0,3.0,Meses,2.0,,2.0,,,,,,
75,5984,14,4.0,1,2.0,1.0,1.0,1.0,1.0,1.0,1.0,,Meses,2.0,,2.0,,,,,,
76,6028,7,3.0,2,,,,,,,,,Dias,,7.0,2.0,,,,,,
77,6038,67,5.0,2,,,,,,,,,Meses,2.0,,2.0,,,,,,
78,6044,54,5.0,2,,,,,,,,,Dias,,19.0,2.0,,,,,,
79,6059,36,6.0,2,,,,,,,,,Meses,9.0,,2.0,,,,,,
80,6061,77,3.0,1,1.0,1.0,1.0,1.0,1.0,1.0,1.0,,Dias,,9.0,1.0,2.0,2.0,2.0,1.0,1.0,2.0
81,6063,20,4.0,1,1.0,1.0,2.0,1.0,1.0,1.0,1.0,,Dias,,4.0,1.0,1.0,1.0,1.0,2.0,2.0,2.0
82,6064,1,4.0,2,,,,,,,,,Dias,,9.0,1.0,2.0,2.0,1.0,2.0,1.0,2.0
83,6065,45,99.0,2,,,,,,,,,Dias,,19.0,2.0,,,,,,
84,6065,113,99.0,2,,,,,,,,,Meses,1.0,,1.0,2.0,1.0,1.0,2.0,2.0,2.0
85,6078,65,5.0,2,,,,,,,,,Meses,12.0,,2.0,,,,,,
86,6092,139,4.0,2,,,,,,,,,Meses,7.0,,2.0,,,,,,
87,6095,19,12.0,2,,,,,,,,,Meses,9.0,,1.0,2.0,1.0,1.0,1.0,1.0,2.0
88,6098,140,5.0,1,1.0,1.0,1.0,1.0,1.0,1.0,1.0,,Meses,12.0,,2.0,,,,,,
89,6119,42,3.0,2,,,,,,,,,Meses,2.0,,2.0,,,,,,
90,6125,96,3.0,2,,,,,,,,,Meses,2.0,,2.0,,,,,,
91,6126,147,6.0,2,,,,,,,,,Meses,2.0,,2.0,,,,,,
92,6141,110,4.0,2,,,,,,,,,Dias,1.0,,1.0,1.0,1.0,1.0,2.0,2.0,2.0
93,6179,159,4.0,2,,,,,,,,,Dias,,45.0,2.0,,,,,,
94,6195,68,99.0,2,,,,,,,,,Dias,,12.0,1.0,2.0,2.0,2.0,2.0,2.0,2.0
95,6207,110,4.0,1,1.0,1.0,1.0,1.0,1.0,1.0,1.0,,Meses,7.0,,1.0,1.0,1.0,1.0,1.0,1.0,1.0
96,6251,58,6.0,2,,,,,,,,,Meses,18.0,,2.0,,,,,,
97,6266,86,4.0,1,6.0,1.0,1.0,1.0,1.0,1.0,1.0,,Dias,,12.0,2.0,,,,,,
98,6287,3,3.0,2,,,,,,,,,Dias,,1.0,2.0,,,,,,
99,6287,77,5.0,2,,,,,,,,,Dias,,4.0,1.0,2.0,2.0,2.0,2.0,2.0,2.0
100,6292,65,99.0,2,,,,,,,,,Dias,,14.0,2.0,,,,,,
101,6298,42,5.0,2,,,,,,,,,Dias,,8.0,2.0,,,,,,
102,6298,107,3.0,2,,,,,,,,,Meses,2.0,,2.0,,,,,,
103,6314,199,6.0,2,,,,,,,,,Dias,,2.0,2.0,,,,,,
104,6322,22,7.0,1,3.0,1.0,1.0,1.0,1.0,1.0,1.0,,Dias,,17.0,1.0,1.0,1.0,1.0,1.0,1.0,1.0
105,6343,32,8.0,1,2.0,1.0,1.0,1.0,1.0,1.0,1.0,,Dias,,14.0,1.0,2.0,2.0,1.0,2.0,1.0,2.0
106,6343,47,4.0,1,1.0,1.0,1.0,1.0,1.0,1.0,2.0,4.0,Dias,,28.0,2.0,,,,,,
107,6343,56,4.0,1,6.0,1.0,1.0,1.0,1.0,1.0,1.0,,Meses,2.0,,1.0,2.0,2.0,2.0,2.0,1.0,1.0
108,6352,351,99.0,1,1.0,2.0,2.0,2.0,1.0,1.0,2.0,2.0,Dias,,15.0,2.0,,,,,,
109,6364,71,7.0,2,,,,,,,,,Meses,4.0,,2.0,,,,,,
110,6417,28,5.0,1,32.0,2.0,2.0,2.0,1.0,1.0,1.0,,Meses,3.0,,1.0,2.0,2.0,2.0,2.0,2.0,2.0
111,6417,181,6.0,1,18.0,1.0,1.0,1.0,1.0,1.0,1.0,,Meses,2.0,,1.0,2.0,1.0,2.0,2.0,1.0,2.0
112,6421,45,4.0,2,,,,,,,,,Meses,1.0,,2.0,,,,,,
113,6433,36,5.0,1,3.0,1.0,1.0,1.0,1.0,1.0,1.0,,Meses,1.0,,1.0,2.0,1.0,1.0,1.0,1.0,2.0
114,6448,27,8.0,1,7.0,1.0,1.0,1.0,1.0,1.0,2.0,2.0,Meses,1.0,,1.0,2.0,1.0,2.0,2.0,2.0,1.0
115,6460,101,7.0,1,10.0,1.0,1.0,1.0,1.0,1.0,1.0,,Meses,10.0,,1.0,2.0,1.0,1.0,2.0,1.0,1.0
116,6483,72,99.0,2,,,,,,,,,Dias,,2.0,2.0,,,,,,
117,6483,81,6.0,1,2.0,1.0,1.0,1.0,1.0,1.0,1.0,,Dias,,45.0,2.0,,,,,,
118,6483,225,6.0,1,10.0,1.0,1.0,1.0,1.0,1.0,1.0,,Dias,,3.0,1.0,2.0,1.0,2.0,2.0,1.0,2.0
119,6483,237,10.0,1,2.0,1.0,1.0,1.0,1.0,1.0,1.0,,Meses,1.0,,2.0,,,,,,
120,6507,44,3.0,2,,,,,,,,,Meses,18.0,,2.0,2.0,2.0,2.0,2.0,2.0,2.0
121,6546,23,5.0,2,,,,,,,,,Dias,,12.0,2.0,,,,,,
122,6546,36,6.0,2,,,,,,,,,Meses,2.0,,2.0,,,,,,
123,6569,45,7.0,2,,,,,,,,,Dias,,11.0,2.0,,,,,,
124,6569,47,6.0,2,,,,,,,,,Dias,,49.0,2.0,,,,,,
125,6569,127,99.0,2,,,,,,,,,Dias,,51.0,2.0,,,,,,
126,6569,137,4.0,1,2.0,1.0,1.0,2.0,1.0,1.0,1.0,,Dias,,15.0,2.0,,,,,,
127,6572,114,8.0,1,3.0,1.0,1.0,1.0,1.0,1.0,1.0,,Dias,,23.0,2.0,,,,,,
128,6572,118,5.0,1,3.0,1.0,1.0,1.0,1.0,1.0,1.0,,Meses,1.0,,1.0,2.0,1.0,1.0,2.0,1.0,2.0
129,6581,82,99.0,2,,,,,,,,,Dias,,11.0,2.0,,,,,,
130,6584,57,6.0,1,1.0,2.0,1.0,1.0,1.0,1.0,1.0,,Dias,,5.0,2.0,,,,,,
131,6595,141,99.0,1,1.0,1.0,1.0,1.0,1.0,1.0,2.0,4.0,Dias,,11.0,1.0,3.0,3.0,3.0,3.0,3.0,3.0
132,6595,143,6.0,1,10.0,1.0,1.0,1.0,1.0,1.0,1.0,,Dias,,10.0,1.0,2.0,1.0,2.0,2.0,2.0,2.0
133,6597,166,5.0,1,24.0,1.0,1.0,1.0,1.0,1.0,1.0,,Dias,,45.0,2.0,,,,,,
134,6602,42,4.0,2,,,,,,,,,Dias,,24.0,2.0,,,,,,
135,6602,42,5.0,2,,,,,,,,,Dias,,39.0,2.0,,,,,,
136,6602,44,5.0,1,1.0,1.0,1.0,1.0,1.0,1.0,1.0,,Dias,,10.0,2.0,,,,,,
137,6621,94,5.0,2,,,,,,,,,Meses,1.0,,2.0,,,,,,
138,6643,6,5.0,1,2.0,1.0,1.0,1.0,2.0,1.0,2.0,3.0,Dias,,8.0,2.0,,,,,,
139,6643,24,5.0,2,,,,,,,,,Dias,,5.0,2.0,,,,,,
140,6651,55,4.0,2,,,,,,,,,Dias,,12.0,2.0,,,,,,
141,6651,194,4.0,2,,,,,,,,,Dias,,28.0,1.0,1.0,1.0,1.0,2.0,2.0,2.0
142,6651,194,7.0,2,,,,,,,,,Dias,,28.0,2.0,,,,,,
143,6652,94,5.0,1,2.0,1.0,1.0,1.0,1.0,1.0,1.0,,Dias,,26.0,2.0,,,,,,
144,6652,102,5.0,2,,,,,,,,,Dias,,15.0,2.0,,,,,,
145,6712,53,6.0,2,,,,,,,,,Dias,,27.0,2.0,,,,,,
146,6713,2,7.0,2,,,,,,,,,Meses,2.0,,2.0,,,,,,
147,6713,112,4.0,2,,,,,,,,,Meses,12.0,,2.0,,,,,,
148,6740,27,6.0,2,,,,,,,,,Dias,,21.0,2.0,,,,,,
149,6740,108,3.0,2,,,,,,,,,Dias,,10.0,2.0,,,,,,
150,6788,61,6.0,2,,,,,,,,,Meses,2.0,,2.0,,,,,,
151,6788,146,4.0,1,2.0,1.0,1.0,1.0,1.0,1.0,2.0,4.0,Meses,9.0,,2.0,,,,,,
152,6792,91,4.0,2,,,,,,,,,Dias,,29.0,2.0,,,,,,
153,6798,63,5.0,2,,,,,,,,,Meses,12.0,,2.0,,,,,,
154,6807,45,5.0,1,1.0,1.0,1.0,1.0,1.0,1.0,1.0,,Meses,1.0,,2.0,,,,,,
155,6809,5,6.0,2,,,,,,,,,Meses,1.0,,2.0,,,,,,
156,6809,81,6.0,2,,,,,,,,,Meses,1.0,,2.0,,,,,,
157,6843,53,8.0,2,,,,,,,,,Dias,,21.0,2.0,,,,,,
158,6850,35,5.0,2,,,,,,,,,Meses,6.0,,2.0,,,,,,
159,6866,81,99.0,2,,,,,,,,,Dias,,20.0,2.0,,,,,,
160,6905,97,4.0,2,,,,,,,,,Meses,6.0,,2.0,,,,,,
161,6960,98,7.0,2,,,,,,,,,Meses,2.0,,2.0,,,,,,
162,6960,98,99.0,2,,,,,,,,,Dias,,20.0,2.0,,,,,,
163,6981,9,6.0,1,5.0,1.0,1.0,1.0,1.0,1.0,1.0,,Meses,2.0,,2.0,,,,,,
164,6981,51,4.0,1,1.0,1.0,1.0,1.0,2.0,2.0,1.0,,Meses,2.0,,2.0,,,,,,
165,7002,49,99.0,1,2.0,1.0,1.0,1.0,1.0,1.0,1.0,,Meses,1.0,,2.0,,,,,,
166,7033,42,6.0,2,,,,,,,,,Dias,,36.0,2.0,,,,,,
167,7033,46,6.0,2,,,,,,,,,Dias,,45.0,2.0,,,,,,
168,7041,301,5.0,2,,,,,,,,,Dias,,7.0,2.0,,,,,,
169,7069,1,4.0,1,2.0,2.0,1.0,1.0,1.0,1.0,1.0,,Meses,3.0,,2.0,,,,,,
170,7087,126,5.0,2,,,,,,,,,Meses,2.0,,2.0,,,,,,
171,7101,7,99.0,2,,,,,,,,,Dias,,25.0,2.0,,,,,,
172,7108,101,5.0,2,,,,,,,,,Dias,,17.0,2.0,,,,,,
173,7108,241,99.0,2,,,,,,,,,Dias,,17.0,2.0,,,,,,
174,7122,1,3.0,2,,,,,,,,,Meses,6.0,,1.0,2.0,1.0,1.0,2.0,2.0,2.0
175,7145,61,2.0,2,,,,,,,,,Meses,5.0,,2.0,,,,,,
176,7145,97,5.0,2,,,,,,,,,Dias,,12.0,2.0,,,,,,
177,7145,115,3.0,2,,,,,,,,,Meses,3.0,,2.0,,,,,,
178,7158,13,4.0,1,1.0,1.0,1.0,1.0,1.0,1.0,2.0,1.0,Meses,2.0,,2.0,,,,,,
179,7180,96,5.0,2,,,,,,,,,Meses,2.0,,2.0,,,,,,
180,7182,89,99.0,2,,,,,,,,,Meses,2.0,,2.0,,,,,,
181,7203,80,4.0,2,,,,,,,,,Dias,,13.0,2.0,,,,,,
182,7207,42,4.0,2,,,,,,,,,Meses,4.0,,2.0,,,,,,
183,7207,86,3.0,2,,,,,,,,,Meses,2.0,,2.0,,,,,,
184,7208,73,7.0,2,,,,,,,,,Meses,3.0,,2.0,,,,,,
185,7208,112,4.0,1,2.0,1.0,1.0,1.0,1.0,1.0,1.0,,Meses,2.0,,2.0,,,,,,
186,7236,196,7.0,2,,,,,,,,,Meses,3.0,,2.0,,,,,,
187,7239,20,6.0,2,,,,,,,,,Meses,3.0,,2.0,,,,,,
188,7239,20,9.0,2,,,,,,,,,Meses,6.0,,2.0,,,,,,
189,7241,84,6.0,2,,,,,,,,,Dias,,37.0,2.0,,,,,,
190,7241,211,6.0,1,1.0,1.0,1.0,1.0,1.0,1.0,2.0,3.0,Meses,6.0,,2.0,,,,,,
191,7241,214,99.0,2,,,,,,,,,Meses,1.0,,2.0,,,,,,
192,7246,25,3.0,2,,,,,,,,,Dias,,8.0,2.0,,,,,,
193,7246,26,5.0,1,3.0,1.0,1.0,2.0,1.0,1.0,2.0,3.0,Meses,2.0,,2.0,,,,,,
194,7246,60,4.0,2,,,,,,,,,Dias,,45.0,2.0,,,,,,
195,7248,86,9.0,2,,,,,,,,,Meses,2.0,,2.0,,,,,,
196,7248,87,7.0,2,,,,,,,,,Dias,,23.0,2.0,,,,,,
197,7248,88,5.0,2,,,,,,,,,Dias,,7.0,2.0,,,,,,
198,7248,88,99.0,2,,,,,,,,,Dias,,2.0,2.0,,,,,,
199,7253,77,99.0,2,,,,,,,,,Dias,,2.0,2.0,,,,,,
200,7279,75,4.0,1,1.0,1.0,1.0,1.0,2.0,1.0,2.0,4.0,Dias,,4.0,1.0,2.0,2.0,2.0,2.0,2.0,2.0
201,7279,76,4.0,2,,,,,,,,,Meses,12.0,,2.0,,,,,,
202,7279,76,99.0,2,,,,,,,,,Dias,,2.0,2.0,,,,,,
203,7302,23,5.0,2,,,,,,,,,Dias,,10.0,2.0,,,,,,
204,7326,109,5.0,2,,,,,,,,,Dias,,25.0,2.0,,,,,,
205,7333,8,7.0,2,,,,,,,,,Meses,2.0,,2.0,,,,,,
206,7333,8,99.0,1,3.0,1.0,1.0,1.0,1.0,1.0,1.0,,Dias,,9.0,1.0,1.0,1.0,1.0,2.0,1.0,1.0
207,7339,136,7.0,2,,,,,,,,,Meses,14.0,,2.0,,,,,,
208,7397,55,6.0,2,,,,,,,,,Meses,3.0,,2.0,,,,,,
209,7411,165,6.0,2,,,,,,,,,Meses,2.0,,2.0,,,,,,
210,7439,30,6.0,2,,,,,,,,,Meses,8.0,,2.0,,,,,,
211,7442,373,5.0,1,1.0,1.0,1.0,1.0,1.0,1.0,1.0,,Meses,6.0,,1.0,2.0,1.0,1.0,2.0,1.0,2.0
212,7443,165,9.0,1,2.0,2.0,1.0,1.0,1.0,1.0,1.0,,Dias,,1.0,2.0,,,,,,
213,7446,10,8.0,1,1.0,2.0,1.0,1.0,1.0,1.0,2.0,4.0,Meses,1.0,,2.0,,,,,,
214,7446,126,5.0,2,,,,,,,,,Dias,,16.0,1.0,1.0,1.0,2.0,2.0,2.0,2.0
215,7446,127,8.0,2,,,,,,,,,Meses,2.0,,2.0,,,,,,
216,7446,127,99.0,2,,,,,,,,,Meses,1.0,,2.0,,,,,,
217,7446,128,99.0,2,,,,,,,,,Meses,1.0,,2.0,,,,,,
218,7460,60,4.0,1,1.0,1.0,1.0,1.0,1.0,1.0,2.0,2.0,Meses,1.0,,2.0,,,,,,
219,7511,56,3.0,1,1.0,1.0,1.0,1.0,1.0,1.0,1.0,,Dias,,17.0,2.0,,,,,,
220,7511,187,4.0,2,,,,,,,,,Dias,,9.0,2.0,,,,,,
221,7529,60,6.0,2,,,,,,,,,Meses,4.0,,2.0,,,,,,
222,7529,80,5.0,2,,,,,,,,,Dias,,21.0,2.0,,,,,,
223,7531,55,8.0,1,1.0,1.0,1.0,1.0,1.0,1.0,2.0,4.0,Meses,11.0,,1.0,1.0,1.0,1.0,2.0,1.0,2.0
224,7531,55,11.0,2,,,,,,,,,Meses,3.0,,2.0,,,,,,
225,7533,152,99.0,2,,,,,,,,,Dias,,11.0,1.0,2.0,1.0,2.0,2.0,2.0,2.0
226,7541,23,3.0,1,1.0,1.0,1.0,1.0,1.0,1.0,2.0,1.0,Meses,1.0,,2.0,,,,,,
227,7541,123,99.0,2,,,,,,,,,Dias,,15.0,2.0,,,,,,
228,7546,36,5.0,2,,,,,,,,,Meses,1.0,,2.0,,,,,,
229,7549,67,99.0,2,,,,,,,,,Meses,1.0,,2.0,,,,,,
230,7554,90,8.0,2,,,,,,,,,Meses,2.0,,2.0,,,,,,
231,7564,29,99.0,2,,,,,,,,,Meses,5.0,,2.0,,,,,,
232,7567,59,6.0,2,,,,,,,,,Dias,,8.0,2.0,,,,,,
233,7567,59,99.0,2,,,,,,,,,Dias,,23.0,2.0,,,,,,
234,7567,87,6.0,1,1.0,1.0,1.0,1.0,1.0,1.0,1.0,,Meses,11.0,,1.0,2.0,1.0,2.0,2.0,2.0,2.0
235,7571,152,4.0,2,,,,,,,,,Dias,,9.0,1.0,2.0,1.0,2.0,2.0,2.0,2.0
236,7574,69,6.0,2,,,,,,,,,Meses,14.0,,2.0,,,,,,
237,7577,153,4.0,1,2.0,1.0,1.0,1.0,1.0,1.0,1.0,,Meses,5.0,,1.0,1.0,1.0,1.0,1.0,2.0,2.0
238,7579,1,4.0,2,,,,,,,,,Meses,2.0,,2.0,,,,,,
239,7582,45,4.0,2,,,,,,,,,Meses,2.0,,2.0,,,,,,
240,7601,84,4.0,2,,,,,,,,,Meses,4.0,,2.0,,,,,,
241,7603,100,5.0,2,,,,,,,,,Dias,,57.0,2.0,,,,,,
242,7605,104,4.0,1,1.0,1.0,1.0,1.0,1.0,1.0,1.0,,Meses,2.0,,2.0,,,,,,
243,7606,7,7.0,2,,,,,,,,,Meses,2.0,,1.0,2.0,1.0,2.0,2.0,1.0,2.0
244,7615,43,5.0,2,,,,,,,,,Meses,4.0,,2.0,,,,,,
245,7615,87,4.0,2,,,,,,,,,Dias,,22.0,2.0,,,,,,
246,7621,16,11.0,2,,,,,,,,,Meses,2.0,,2.0,,,,,,
247,7622,92,10.0,2,,,,,,,,,Meses,2.0,,1.0,1.0,2.0,2.0,2.0,2.0,2.0
248,7623,85,7.0,2,,,,,,,,,Dias,,7.0,1.0,2.0,2.0,2.0,2.0,2.0,2.0
249,7628,156,3.0,2,,,,,,,,,Meses,2.0,,2.0,,,,,,
250,7630,81,8.0,2,,,,,,,,,Dias,,14.0,2.0,,,,,,
251,7647,97,99.0,2,,,,,,,,,Meses,1.0,,2.0,,,,,,
252,7650,65,7.0,1,1.0,2.0,2.0,2.0,2.0,2.0,2.0,4.0,Meses,11.0,,2.0,,,,,,
253,7692,7,4.0,1,1.0,1.0,2.0,2.0,1.0,2.0,1.0,,Meses,3.0,,1.0,2.0,1.0,2.0,2.0,2.0,2.0
254,7703,55,7.0,2,,,,,,,,,Dias,,30.0,2.0,,,,,,
255,7745,107,9.0,2,,,,,,,,,Meses,6.0,,2.0,,,,,,
256,7798,68,5.0,2,,,,,,,,,Dias,,2.0,1.0,2.0,2.0,2.0,2.0,2.0,2.0
257,7812,61,8.0,2,,,,,,,,,Meses,4.0,,2.0,,,,,,
258,7818,44,5.0,2,,,,,,,,,Meses,6.0,,2.0,,,,,,
259,7888,80,4.0,2,,,,,,,,,Dias,,1.0,2.0,,,,,,
260,7898,190,4.0,2,,,,,,,,,Meses,1.0,,1.0,2.0,2.0,2.0,2.0,2.0,
261,7921,50,5.0,2,,,,,,,,,Dias,,55.0,2.0,,,,,,
262,7921,103,5.0,2,,,,,,,,,Meses,2.0,,2.0,,,,,,
263,7943,23,6.0,2,,,,,,,,,Meses,1.0,,2.0,,,,,,
264,7943,58,6.0,2,,,,,,,,,Meses,8.0,,2.0,,,,,,
265,7960,80,4.0,1,1.0,1.0,1.0,1.0,1.0,1.0,1.0,,Meses,9.0,,2.0,,,,,,
266,7962,12,99.0,2,,,,,,,,,Dias,,7.0,1.0,2.0,2.0,2.0,2.0,2.0,2.0
267,7977,31,6.0,2,,,,,,,,,Meses,11.0,,2.0,,,,,,
268,7992,38,8.0,2,,,,,,,,,Meses,1.0,,2.0,,,,,,
269,7992,101,99.0,2,,,,,,,,,Dias,,4.0,2.0,,,,,,
270,7992,132,7.0,2,,,,,,,,,Dias,,3.0,2.0,,,,,,
271,8013,39,7.0,2,,,,,,,,,Meses,7.0,,2.0,,,,,,
272,8013,74,5.0,1,2.0,1.0,1.0,1.0,1.0,1.0,1.0,,Meses,2.0,,2.0,,,,,,
273,8034,114,7.0,2,,,,,,,,,Meses,1.0,,2.0,,,,,,
274,8055,181,99.0,2,,,,,,,,,Meses,1.0,,1.0,2.0,2.0,2.0,2.0,2.0,2.0
275,8110,83,5.0,2,,,,,,,,,Dias,,62.0,2.0,,,,,,
276,8120,26,7.0,2,,,,,,,,,Dias,,27.0,2.0,,,,,,
277,8131,93,5.0,2,,,,,,,,,Meses,1.0,,2.0,,,,,,
278,8131,94,3.0,2,,,,,,,,,Meses,1.0,,2.0,,,,,,
279,8188,47,4.0,2,,,,,,,,,Dias,,69.0,2.0,,,,,,
280,8188,96,4.0,2,,,,,,,,,Dias,,9.0,2.0,,,,,,
281,8188,128,9.0,2,,,,,,,,,Dias,,52.0,2.0,,,,,,
282,8201,157,3.0,2,,,,,,,,,Meses,2.0,,2.0,,,,,,
283,8201,175,6.0,2,,,,,,,,,Meses,3.0,,2.0,,,,,,
284,8217,79,99.0,2,,,,,,,,,Dias,,17.0,2.0,,,,,,
285,8238,122,4.0,2,,,,,,,,,Meses,3.0,,2.0,,,,,,
286,8245,102,6.0,2,,,,,,,,,Dias,,17.0,2.0,,,,,,
287,8281,19,6.0,2,,,,,,,,,Meses,1.0,,2.0,,,,,,
288,8281,19,9.0,2,,,,,,,,,Meses,3.0,,2.0,,,,,,
289,8281,76,99.0,2,,,,,,,,,Dias,,21.0,2.0,,,,,,
290,8282,73,4.0,2,,,,,,,,,Dias,,13.0,2.0,,,,,,
291,8305,49,7.0,2,,,,,,,,,Meses,3.0,,2.0,,,,,,
292,8305,49,8.0,2,,,,,,,,,Meses,3.0,,2.0,,,,,,
293,8307,39,6.0,2,,,,,,,,,Meses,6.0,,1.0,2.0,1.0,1.0,1.0,1.0,1.0
294,8307,39,99.0,2,,,,,,,,,Dias,,6.0,1.0,1.0,2.0,2.0,2.0,2.0,2.0
295,8307,90,5.0,2,,,,,,,,,Dias,,21.0,2.0,,,,,,
296,8307,114,7.0,2,,,,,,,,,Meses,1.0,,2.0,,,,,,
297,8311,102,9.0,2,,,,,,,,,Meses,10.0,,2.0,,,,,,
298,8311,105,10.0,2,,,,,,,,,Meses,1.0,,2.0,,,,,,
299,8315,17,3.0,2,,,,,,,,,Dias,,31.0,2.0,,,,,,
300,8315,44,7.0,2,,,,,,,,,Meses,1.0,,2.0,,,,,,
301,8315,46,5.0,2,,,,,,,,,Dias,,55.0,2.0,,,,,,
302,8315,52,8.0,2,,,,,,,,,Dias,,55.0,2.0,,,,,,
303,8317,3,99.0,2,,,,,,,,,Meses,5.0,,2.0,,,,,,
304,8317,68,7.0,2,,,,,,,,,Meses,2.0,,1.0,2.0,1.0,2.0,2.0,2.0,2.0
305,8317,68,99.0,2,,,,,,,,,Dias,,21.0,1.0,1.0,2.0,2.0,2.0,2.0,2.0
306,8318,8,99.0,2,,,,,,,,,Dias,,4.0,2.0,,,,,,
307,8318,100,8.0,2,,,,,,,,,Meses,1.0,,2.0,,,,,,
308,8318,101,99.0,2,,,,,,,,,Dias,,36.0,2.0,,,,,,
309,8327,64,7.0,2,,,,,,,,,Meses,1.0,,2.0,,,,,,
310,8327,66,10.0,2,,,,,,,,,Meses,3.0,,1.0,2.0,2.0,2.0,2.0,2.0,2.0
311,8327,68,5.0,1,3.0,1.0,1.0,1.0,1.0,1.0,2.0,3.0,Meses,1.0,,2.0,,,,,,
312,8330,15,3.0,2,,,,,,,,,Dias,,2.0,1.0,2.0,2.0,2.0,2.0,1.0,2.0
313,8330,15,6.0,2,,,,,,,,,Meses,2.0,,1.0,1.0,1.0,1.0,2.0,2.0,2.0
314,8330,106,7.0,2,,,,,,,,,Meses,7.0,,2.0,,,,,,
315,8332,8,99.0,1,1.0,1.0,1.0,2.0,1.0,1.0,2.0,4.0,Nunca,,,,,,,,,
316,8335,40,99.0,2,,,,,,,,,Dias,,23.0,2.0,,,,,,
317,8335,42,7.0,2,,,,,,,,,Dias,,10.0,2.0,,,,,,
318,8335,42,8.0,2,,,,,,,,,Dias,,10.0,2.0,,,,,,
319,8335,136,7.0,2,,,,,,,,,Meses,3.0,,2.0,,,,,,
320,8335,137,6.0,2,,,,,,,,,Meses,8.0,,2.0,,,,,,
321,8342,37,7.0,2,,,,,,,,,Dias,,23.0,2.0,,,,,,
322,8368,55,5.0,2,,,,,,,,,Meses,2.0,,2.0,,,,,,
323,8408,6,6.0,2,,,,,,,,,Dias,,41.0,2.0,,,,,,
324,8440,199,3.0,2,,,,,,,,,Dias,,1.0,1.0,2.0,1.0,2.0,2.0,2.0,1.0
325,8461,34,3.0,1,12.0,1.0,1.0,1.0,1.0,1.0,1.0,1.0,Meses,3.0,,2.0,,,,,,
326,8478,52,4.0,2,,,,,,,,,Meses,7.0,,2.0,,,,,,
327,8485,4,99.0,2,,,,,,,,,Dias,,11.0,2.0,,,,,,
328,8509,61,6.0,2,,,,,,,,,Dias,,7.0,2.0,,,,,,
329,8509,142,5.0,2,,,,,,,,,Meses,1.0,,2.0,,,,,,
330,8596,102,9.0,2,,,,,,,,,Meses,4.0,,2.0,,,,,,
331,8615,82,6.0,2,,,,,,,,,Meses,1.0,,2.0,,,,,,
332,8615,93,6.0,2,,,,,,,,,Dias,,43.0,2.0,,,,,,
333,8671,36,99.1,1,2.0,1.0,1.0,1.0,1.0,1.0,1.0,,Dias,,25.0,2.0,,,,,,
334,8671,36,99.2,2,,,,,,,,,Dias,,3.0,2.0,,,,,,
335,8671,123,6.0,2,,,,,,,,,Dias,,11.0,2.0,,,,,,
336,8676,65,99.0,2,,,,,,,,,Dias,,6.0,1.0,1.0,2.0,2.0,1.0,2.0,2.0
337,8676,149,8.0,2,,,,,,,,,Dias,,27.0,2.0,,,,,,
338,8686,27,4.0,2,,,,,,,,,Dias,,2.0,2.0,,,,,,
339,8694,61,5.0,1,1.0,1.0,1.0,1.0,1.0,1.0,2.0,4.0,Meses,1.0,,2.0,,,,,,
340,8707,82,5.0,2,,,,,,,,,Dias,,8.0,2.0,,,,,,
341,8729,63,99.0,1,6.0,2.0,1.0,1.0,1.0,1.0,2.0,4.0,Meses,1.0,,1.0,1.0,2.0,2.0,2.0,2.0,2.0
342,8729,65,4.0,1,6.0,1.0,1.0,1.0,1.0,1.0,1.0,,Meses,1.0,,2.0,,,,,,
343,8729,67,6.0,1,3.0,2.0,2.0,1.0,1.0,1.0,2.0,3.0,Meses,1.0,,2.0,,,,,,
344,8756,64,7.0,2,,,,,,,,,Meses,1.0,,1.0,2.0,2.0,2.0,2.0,2.0,2.0
345,8757,23,5.0,2,,,,,,,,,Dias,,7.0,2.0,,,,,,
346,8757,108,5.0,2,,,,,,,,,Dias,,42.0,2.0,,,,,,
347,8770,114,99.0,2,,,,,,,,,Dias,,25.0,2.0,,,,,,
348,8770,114,3.0,2,,,,,,,,,Dias,,27.0,2.0,,,,,,
349,8770,114,99.0,2,,,,,,,,,Dias,,13.0,2.0,,,,,,
350,8793,47,5.0,2,,,,,,,,,Meses,1.0,,2.0,,,,,,
351,8811,31,8.0,2,,,,,,,,,Meses,29.0,,1.0,1.0,2.0,2.0,1.0,2.0,2.0
352,8811,31,99.0,2,,,,,,,,,Meses,13.0,,1.0,1.0,2.0,2.0,2.0,2.0,2.0
353,8831,57,4.0,2,,,,,,,,,Dias,,2.0,2.0,,,,,,
354,8846,129,4.0,2,,,,,,,,,Meses,6.0,,2.0,,,,,,
355,8852,84,4.0,1,2.0,1.0,1.0,1.0,1.0,1.0,2.0,5.0,Dias,,2.0,1.0,1.0,1.0,2.0,2.0,1.0,2.0
356,8857,71,5.0,2,,,,,,,,,Dias,,19.0,2.0,,,,,,
357,8863,3,7.0,1,1.0,1.0,2.0,1.0,2.0,1.0,1.0,,Dias,,7.0,2.0,,,,,,
358,8900,7,99.0,1,1.0,1.0,1.0,1.0,1.0,1.0,1.0,,Dias,,7.0,2.0,,,,,,
359,8900,95,8.0,2,,,,,,,,,Meses,2.0,,2.0,,,,,,
360,8913,96,5.0,2,,,,,,,,,Dias,,21.0,2.0,,,,,,
361,8916,135,6.0,2,,,,,,,,,Meses,2.0,,2.0,,,,,,
362,8918,91,7.0,2,,,,,,,,,Dias,,25.0,2.0,,,,,,
363,8918,218,6.0,1,3.0,1.0,1.0,1.0,1.0,1.0,1.0,,Meses,2.0,,1.0,2.0,2.0,2.0,1.0,2.0,2.0
364,8918,219,99.0,2,,,,,,,,,Dias,,11.0,1.0,2.0,1.0,1.0,1.0,1.0,1.0
365,8918,220,4.0,2,,,,,,,,,Meses,2.0,,2.0,,,,,,
366,8965,38,4.0,2,,,,,,,,,Meses,23.0,,2.0,,,,,,
367,9024,51,5.0,2,,,,,,,,,Meses,2.0,,2.0,,,,,,
368,9040,138,99.0,2,,,,,,,,,Dias,,7.0,2.0,,,,,,
369,9049,200,5.0,1,1.0,1.0,1.0,1.0,1.0,1.0,1.0,,Dias,,21.0,2.0,,,,,,
370,9054,65,7.0,2,,,,,,,,,Dias,,14.0,2.0,,,,,,
371,9054,86,5.0,2,,,,,,,,,Dias,,4.0,2.0,,,,,,
372,9063,17,6.0,1,1.0,2.0,2.0,1.0,1.0,1.0,1.0,,Dias,,4.0,1.0,2.0,1.0,1.0,2.0,1.0,1.0
373,9063,71,6.0,1,1.0,1.0,1.0,1.0,1.0,1.0,2.0,3.0,Dias,,22.0,2.0,,,,,,
374,9073,40,6.0,1,12.0,1.0,1.0,1.0,1.0,1.0,1.0,,Meses,4.0,,1.0,2.0,2.0,2.0,1.0,1.0,2.0
375,9073,133,3.0,1,2.0,1.0,1.0,1.0,1.0,2.0,1.0,,Dias,,23.0,1.0,2.0,2.0,2.0,2.0,2.0,2.0
376,9168,90,4.0,2,,,,,,,,,Dias,,15.0,1.0,2.0,2.0,2.0,2.0,1.0,2.0
377,9173,6,5.0,2,,,,,,,,,Meses,2.0,,2.0,,,,,,
378,9173,93,5.0,2,,,,,,,,,Meses,1.0,,1.0,2.0,1.0,1.0,2.0,2.0,2.0
379,9179,9,8.0,2,,,,,,,,,Nunca,,,,,,,,,
380,9179,73,9.0,2,,,,,,,,,Meses,13.0,,2.0,,,,,,
381,9184,22,3.0,2,,,,,,,,,Meses,22.0,,1.0,1.0,1.0,2.0,2.0,1.0,2.0
382,9184,108,99.0,1,2.0,1.0,1.0,1.0,1.0,1.0,1.0,,Meses,1.0,,1.0,1.0,1.0,1.0,1.0,1.0,2.0
383,9185,36,4.0,1,1.0,2.0,1.0,2.0,1.0,1.0,2.0,4.0,Dias,,15.0,2.0,,,,,,
384,9188,31,99.0,2,,,,,,,,,Nunca,,,,,,,,,
385,9188,120,4.0,2,,,,,,,,,Dias,,13.0,2.0,,,,,,
386,9194,71,99.0,2,,,,,,,,,Dias,,21.0,2.0,,,,,,
387,9194,73,5.0,1,1.0,1.0,1.0,1.0,1.0,1.0,2.0,4.0,Dias,,49.0,2.0,,,,,,
388,9218,15,5.0,1,1.0,1.0,1.0,1.0,1.0,1.0,2.0,4.0,Dias,,14.0,2.0,,,,,,
389,9232,99,4.0,2,,,,,,,,,Meses,3.0,,2.0,,,,,,
390,9233,32,4.0,2,,,,,,,,,Meses,5.0,,2.0,,,,,,
391,9248,9,99.0,2,,,,,,,,,Meses,1.0,,2.0,,,,,,
392,9249,39,7.0,1,2.0,1.0,1.0,1.0,1.0,1.0,1.0,,Dias,,14.0,1.0,1.0,1.0,1.0,1.0,1.0,1.0
393,9257,105,6.0,2,,,,,,,,,Dias,,20.0,2.0,,,,,,
394,9257,105,7.0,2,,,,,,,,,Meses,1.0,,2.0,,,,,,
395,9258,55,99.0,1,1.0,1.0,1.0,2.0,2.0,2.0,2.0,4.0,Dias,,5.0,2.0,,,,,,
396,9272,76,5.0,1,1.0,1.0,1.0,1.0,1.0,1.0,1.0,,Dias,,43.0,1.0,2.0,1.0,1.0,1.0,1.0,1.0
397,9274,43,6.0,2,,,,,,,,,Meses,1.0,,2.0,,,,,,
398,9277,2,4.0,2,,,,,,,,,Meses,6.0,,2.0,,,,,,
399,9286,108,4.0,2,,,,,,,,,Meses,8.0,,2.0,,,,,,
400,9286,114,5.0,2,,,,,,,,,Meses,12.0,,1.0,2.0,2.0,2.0,2.0,1.0,2.0
401,9287,142,99.0,1,2.0,1.0,1.0,1.0,1.0,1.0,1.0,,Dias,,4.0,2.0,,,,,,
402,9317,78,4.0,2,,,,,,,,,Meses,3.0,,2.0,,,,,,
403,9337,9,99.0,2,,,,,,,,,Dias,,14.0,2.0,,,,,,
404,9338,58,5.0,2,,,,,,,,,Meses,2.0,,2.0,,,,,,
405,9342,13,3.0,1,1.0,1.0,1.0,1.0,1.0,1.0,1.0,,Dias,,13.0,2.0,,,,,,
406,9342,58,7.0,2,,,,,,,,,Meses,6.0,,2.0,,,,,,
407,9342,127,6.0,2,,,,,,,,,Dias,,24.0,2.0,,,,,,
408,9400,41,6.0,2,,,,,,,,,Dias,,3.0,2.0,,,,,,
409,9400,70,99.0,2,,,,,,,,,Dias,,3.0,2.0,,,,,,
410,9404,31,5.0,1,3.0,1.0,1.0,1.0,1.0,1.0,1.0,,Dias,,5.0,2.0,,,,,,
411,9445,30,6.0,1,6.0,1.0,1.0,1.0,1.0,1.0,1.0,,Dias,,2.0,2.0,,,,,,
412,9450,83,6.0,2,,,,,,,,,N/S,,,1.0,2.0,1.0,2.0,2.0,1.0,2.0
413,9450,85,2.0,1,1.0,1.0,1.0,1.0,1.0,1.0,1.0,,Dias,,32.0,2.0,,,,,,
414,9478,63,6.0,2,,,,,,,,,Dias,,48.0,2.0,,,,,,
415,9507,49,5.0,2,,,,,,,,,Meses,4.0,,1.0,1.0,1.0,1.0,1.0,1.0,2.0
416,9508,62,6.0,2,,,,,,,,,Dias,,12.0,2.0,,,,,,
417,9525,84,99.0,2,,,,,,,,,Dias,,4.0,2.0,,,,,,
418,9539,3,99.0,2,,,,,,,,,Dias,,1.0,1.0,1.0,2.0,2.0,1.0,2.0,2.0
419,9568,21,4.0,2,,,,,,,,,Meses,3.0,,2.0,,,,,,
420,9601,9,5.0,2,,,,,,,,,Meses,3.0,,2.0,,,,,,
421,9601,10,7.0,2,,,,,,,,,Meses,2.0,,2.0,,,,,,
422,9601,10,8.0,2,,,,,,,,,Meses,2.0,,2.0,,,,,,
423,9607,55,4.0,2,,,,,,,,,Dias,,16.0,2.0,,,,,,
424,9607,105,10.0,2,,,,,,,,,Meses,6.0,,1.0,1.0,1.0,2.0,2.0,1.0,2.0
425,9638,64,6.0,2,,,,,,,,,Dias,,24.0,2.0,,,,,,
426,9639,33,4.0,2,,,,,,,,,Dias,,2.0,2.0,,,,,,
427,9639,88,99.0,2,,,,,,,,,Dias,,21.0,2.0,,,,,,
428,9650,55,99.0,2,,,,,,,,,Meses,2.0,,2.0,,,,,,
429,9659,116,5.0,2,,,,,,,,,Meses,3.0,,1.0,2.0,1.0,2.0,2.0,2.0,2.0
430,9684,109,6.0,2,,,,,,,,,Meses,1.0,,2.0,,,,,,
431,9695,97,6.0,2,,,,,,,,,Dias,,15.0,2.0,,,,,,
432,9719,3,5.0,1,5.0,1.0,1.0,1.0,1.0,1.0,2.0,4.0,Meses,1.0,,2.0,,,,,,
433,9719,3,99.0,1,3.0,1.0,1.0,1.0,1.0,1.0,2.0,4.0,Dias,,22.0,2.0,,,,,,
434,9719,109,99.0,2,,,,,,,,,Dias,,18.0,2.0,,,,,,
435,9719,170,4.0,2,,,,,,,,,Meses,1.0,,2.0,,,,,,
436,9720,5,6.0,2,,,,,,,,,Meses,2.0,,2.0,,,,,,
437,9731,126,5.0,1,2.0,1.0,1.0,1.0,1.0,1.0,1.0,,Dias,,3.0,1.0,2.0,1.0,2.0,2.0,2.0,2.0
438,9731,130,3.0,1,1.0,2.0,1.0,1.0,2.0,1.0,2.0,1.0,Meses,1.0,,2.0,,,,,,
439,9735,50,5.0,2,,,,,,,,,Meses,3.0,,1.0,1.0,1.0,1.0,1.0,1.0,2.0
440,9736,33,5.0,2,,,,,,,,,Meses,12.0,,2.0,,,,,,
441,9736,33,6.0,2,,,,,,,,,Meses,2.0,,2.0,,,,,,
442,9736,105,4.0,2,,,,,,,,,Dias,,32.0,2.0,,,,,,
443,9736,105,5.0,2,,,,,,,,,Dias,,32.0,2.0,,,,,,
444,9740,55,99.0,2,,,,,,,,,Nunca,,,,,,,,,
445,9740,56,3.0,2,,,,,,,,,Dias,,5.0,2.0,,,,,,
446,9740,58,99.0,1,1.0,1.0,1.0,1.0,1.0,1.0,2.0,4.0,Dias,,28.0,1.0,2.0,2.0,1.0,2.0,1.0,2.0
447,9740,133,7.0,2,,,,,,,,,N/S,,,2.0,,,,,,
448,9740,135,4.0,2,,,,,,,,,Meses,14.0,,2.0,,,,,,
449,9756,2,5.0,2,,,,,,,,,Meses,2.0,,2.0,,,,,,
450,9756,3,8.0,2,,,,,,,,,Dias,,14.0,2.0,,,,,,
451,9756,55,10.0,1,2.0,1.0,2.0,2.0,2.0,2.0,1.0,,Dias,,14.0,2.0,,,,,,
452,9770,14,99.0,2,,,,,,,,,Meses,1.0,,2.0,,,,,,
453,9770,15,6.0,2,,,,,,,,,Meses,3.0,,2.0,,,,,,
454,9770,117,6.0,2,,,,,,,,,Meses,5.0,,1.0,2.0,2.0,1.0,2.0,2.0,2.0
455,9820,4,6.0,1,1.0,1.0,1.0,1.0,1.0,1.0,2.0,4.0,Meses,4.0,,2.0,,,,,,
456,9820,19,99.0,2,,,,,,,,,Dias,,49.0,2.0,,,,,,
457,9827,29,5.0,2,,,,,,,,,Dias,,13.0,2.0,,,,,,
458,9943,5,99.1,2,,,,,,,,,Meses,1.0,,1.0,2.0,1.0,1.0,1.0,1.0,2.0
459,9943,5,99.2,2,,,,,,,,,Dias,,21.0,1.0,2.0,1.0,2.0,2.0,2.0,2.0
460,10012,7,99.0,1,1.0,1.0,1.0,1.0,1.0,1.0,1.0,,Dias,,6.0,2.0,,,,,,
461,10012,63,7.0,1,2.0,1.0,1.0,1.0,1.0,1.0,1.0,,Meses,2.0,,2.0,,,,,,
462,10020,62,7.0,2,,,,,,,,,Nunca,,,,,,,,,
463,10060,52,4.0,1,2.0,1.0,2.0,1.0,1.0,1.0,1.0,,Dias,,3.0,1.0,2.0,1.0,1.0,2.0,1.0,2.0
464,10060,132,4.0,2,,,,,,,,,Dias,,3.0,2.0,,,,,,
465,10080,11,99.0,2,,,,,,,,,Meses,5.0,,1.0,2.0,1.0,2.0,2.0,1.0,2.0
466,10080,67,3.0,1,2.0,1.0,1.0,1.0,1.0,1.0,1.0,,Meses,2.0,,1.0,2.0,2.0,2.0,2.0,1.0,1.0
467,10080,101,5.0,2,,,,,,,,,Dias,,1.0,2.0,,,,,,
468,10111,55,5.0,1,2.0,1.0,1.0,1.0,1.0,1.0,1.0,,Meses,2.0,,2.0,,,,,,
469,10122,30,6.0,2,,,,,,,,,Meses,6.0,,2.0,,,,,,
470,10122,44,7.0,2,,,,,,,,,Meses,3.0,,2.0,,,,,,
471,10122,114,9.0,2,,,,,,,,,Dias,,2.0,2.0,,,,,,
472,10122,114,11.0,2,,,,,,,,,Dias,,2.0,2.0,,,,,,
473,10150,1,6.0,2,,,,,,,,,Dias,,12.0,2.0,,,,,,
474,10150,2,6.0,2,,,,,,,,,Meses,1.0,,1.0,2.0,2.0,2.0,2.0,3.0,2.0
475,10150,83,99.0,2,,,,,,,,,Dias,,28.0,2.0,,,,,,
476,10175,113,4.0,2,,,,,,,,,Meses,2.0,,2.0,,,,,,
477,10176,137,4.0,2,,,,,,,,,Meses,2.0,,2.0,,,,,,
478,10183,117,99.0,2,,,,,,,,,Meses,1.0,,2.0,,,,,,
479,10210,45,3.0,2,,,,,,,,,Meses,2.0,,2.0,,,,,,
480,10245,110,6.0,2,,,,,,,,,Meses,1.0,,2.0,,,,,,
481,10254,157,4.0,2,,,,,,,,,Meses,2.0,,2.0,,,,,,
482,10262,160,7.0,2,,,,,,,,,Meses,4.0,,2.0,,,,,,
483,10262,161,99.0,2,,,,,,,,,Dias,,2.0,2.0,,,,,,
484,10323,48,7.0,2,,,,,,,,,Dias,,16.0,2.0,,,,,,
485,10327,36,99.0,2,,,,,,,,,Dias,,11.0,2.0,,,,,,
486,10327,90,6.0,1,3.0,1.0,1.0,1.0,1.0,1.0,2.0,1.0,Dias,,13.0,2.0,,,,,,
487,10327,91,7.0,2,,,,,,,,,Dias,,52.0,2.0,,,,,,
488,10327,91,99.0,1,2.0,1.0,1.0,1.0,2.0,1.0,1.0,,Dias,,1.0,1.0,2.0,1.0,2.0,2.0,1.0,2.0
489,10359,30,5.0,2,,,,,,,,,Dias,,18.0,2.0,,,,,,
490,10359,133,6.0,1,1.0,1.0,1.0,1.0,1.0,1.0,2.0,2.0,Meses,5.0,,1.0,2.0,2.0,2.0,2.0,2.0,2.0
491,10359,135,8.0,2,,,,,,,,,Nunca,,,,,,,,,
492,10371,101,3.0,2,,,,,,,,,Meses,3.0,,2.0,,,,,,
493,10380,11,7.0,2,,,,,,,,,Meses,4.0,,2.0,,,,,,
494,10380,55,5.0,2,,,,,,,,,Meses,2.0,,2.0,,,,,,
495,10380,142,14.0,2,,,,,,,,,Meses,5.0,,2.0,,,,,,
